{"cameraMode":{"drawMode":0,"name":"Shaded","section":"Shading Mode"},"sceneLighting":true,"audioPlay":false,"sceneViewState":{"showFog":false,"showMaterialUpdate":false,"showSkybox":false,"showFlares":false,"showImageEffects":false,"showParticleSystems":false},"in2DMode":false,"pivot":{"x":1.6201666593551636,"y":1.2308942079544068,"z":-2.8414230346679689},"rotation":{"x":-0.1844349056482315,"y":0.313678115606308,"z":-0.062267858535051349,"w":-0.929419994354248},"size":19.487985610961915,"orthographic":true}