{"cameraMode":{"drawMode":0,"name":"Shaded","section":"Shading Mode"},"sceneLighting":true,"audioPlay":false,"sceneViewState":{"showFog":false,"showMaterialUpdate":false,"showSkybox":false,"showFlares":false,"showImageEffects":false,"showParticleSystems":false},"in2DMode":false,"pivot":{"x":-0.595002293586731,"y":3.5074994564056398,"z":-4.494170665740967},"rotation":{"x":-0.09125474840402603,"y":0.12455657869577408,"z":-0.011459645815193653,"w":-0.9879693388938904},"size":13.59191608428955,"orthographic":false}