{"cameraMode":{"drawMode":0,"name":"Shaded","section":"Shading Mode"},"sceneLighting":true,"audioPlay":false,"sceneViewState":{"showFog":false,"showMaterialUpdate":false,"showSkybox":false,"showFlares":false,"showImageEffects":false,"showParticleSystems":false},"in2DMode":false,"pivot":{"x":-0.021566318348050119,"y":2.9215095043182375,"z":-1.5134947299957276},"rotation":{"x":0.6373074650764465,"y":-0.12781274318695069,"z":0.10831637680530548,"w":0.7522109150886536},"size":13.467246055603028,"orthographic":true}