{"cameraMode":{"drawMode":0,"name":"Shaded","section":"Shading Mode"},"sceneLighting":true,"audioPlay":false,"sceneViewState":{"showFog":false,"showMaterialUpdate":false,"showSkybox":false,"showFlares":false,"showImageEffects":false,"showParticleSystems":false},"in2DMode":false,"pivot":{"x":-2.24253249168396,"y":1.2431572675704957,"z":-2.398359537124634},"rotation":{"x":0.2767632305622101,"y":-0.26866480708122256,"z":0.08090420067310333,"w":0.919064998626709},"size":5.555558681488037,"orthographic":true}