{"cameraMode":{"drawMode":0,"name":"Shaded","section":"Shading Mode"},"sceneLighting":true,"audioPlay":false,"sceneViewState":{"showFog":false,"showMaterialUpdate":false,"showSkybox":false,"showFlares":false,"showImageEffects":false,"showParticleSystems":false},"in2DMode":false,"pivot":{"x":-0.2200806587934494,"y":1.3679919242858887,"z":-2.849555015563965},"rotation":{"x":0.2514284551143646,"y":-0.32994866371154787,"z":0.0916159451007843,"w":0.9052873253822327},"size":4.128742218017578,"orthographic":true}