{"cameraMode":{"drawMode":0,"name":"Shaded","section":"Shading Mode"},"sceneLighting":true,"audioPlay":false,"sceneViewState":{"showFog":false,"showMaterialUpdate":false,"showSkybox":false,"showFlares":false,"showImageEffects":false,"showParticleSystems":false},"in2DMode":false,"pivot":{"x":-0.3456142544746399,"y":0.9443448781967163,"z":0.8684054017066956},"rotation":{"x":-0.016220271587371827,"y":0.9820890426635742,"z":-0.08174365758895874,"w":-0.1699325442314148},"size":5.561198711395264,"orthographic":false}