{"cameraMode":{"drawMode":0,"name":"Shaded","section":"Shading Mode"},"sceneLighting":true,"audioPlay":false,"sceneViewState":{"showFog":false,"showMaterialUpdate":false,"showSkybox":false,"showFlares":false,"showImageEffects":false,"showParticleSystems":false},"in2DMode":false,"pivot":{"x":3.5706779956817629,"y":2.16127872467041,"z":-1.2466903924942017},"rotation":{"x":-0.0965748205780983,"y":0.7459977865219116,"z":-0.11091423779726029,"w":-0.6495380401611328},"size":3.559568405151367,"orthographic":false}