{"cameraMode":{"drawMode":0,"name":"Shaded","section":"Shading Mode"},"sceneLighting":true,"audioPlay":false,"sceneViewState":{"showFog":false,"showMaterialUpdate":false,"showSkybox":false,"showFlares":false,"showImageEffects":false,"showParticleSystems":false},"in2DMode":false,"pivot":{"x":3.0902953147888185,"y":1.8939363956451417,"z":-0.39735692739486697},"rotation":{"x":-0.1784774214029312,"y":0.2138623744249344,"z":-0.039857760071754459,"w":-0.9596360325813294},"size":9.516416549682618,"orthographic":true}