{"cameraMode":{"drawMode":0,"name":"Shaded","section":"Shading Mode"},"sceneLighting":true,"audioPlay":false,"sceneViewState":{"showFog":false,"showMaterialUpdate":false,"showSkybox":false,"showFlares":false,"showImageEffects":false,"showParticleSystems":false},"in2DMode":false,"pivot":{"x":2.8891046047210695,"y":1.0784870386123658,"z":-0.6035501956939697},"rotation":{"x":-0.3060368299484253,"y":0.04596924036741257,"z":-0.01480848528444767,"w":-0.95081627368927},"size":15.649803161621094,"orthographic":true}