{"cameraMode":{"drawMode":0,"name":"Shaded","section":"Shading Mode"},"sceneLighting":true,"audioPlay":false,"sceneViewState":{"showFog":false,"showMaterialUpdate":false,"showSkybox":false,"showFlares":false,"showImageEffects":false,"showParticleSystems":false},"in2DMode":false,"pivot":{"x":1.6201666593551636,"y":1.2308942079544068,"z":-2.8414230346679689},"rotation":{"x":-0.19451461732387544,"y":0.03824901580810547,"z":-0.00760055985301733,"w":-0.9801827073097229},"size":21.442224502563478,"orthographic":true}