{"cameraMode":{"drawMode":0,"name":"Shaded","section":"Shading Mode"},"sceneLighting":true,"audioPlay":false,"sceneViewState":{"showFog":false,"showMaterialUpdate":false,"showSkybox":false,"showFlares":false,"showImageEffects":false,"showParticleSystems":false},"in2DMode":false,"pivot":{"x":3.0902953147888185,"y":1.8939363956451417,"z":-0.39735692739486697},"rotation":{"x":0.05604217201471329,"y":0.804417610168457,"z":-0.07666148990392685,"w":0.586489737033844},"size":12.621013641357422,"orthographic":true}