{"cameraMode":{"drawMode":0,"name":"Shaded","section":"Shading Mode"},"sceneLighting":true,"audioPlay":false,"sceneViewState":{"showFog":false,"showMaterialUpdate":false,"showSkybox":false,"showFlares":false,"showImageEffects":false,"showParticleSystems":false},"in2DMode":false,"pivot":{"x":-1.5457035303115845,"y":1.4794431924819947,"z":-2.993356466293335},"rotation":{"x":-0.24077771604061128,"y":-0.28845393657684328,"z":0.07519269734621048,"w":-0.9236711263656616},"size":6.319690227508545,"orthographic":false}