{"cameraMode":{"drawMode":0,"name":"Shaded","section":"Shading Mode"},"sceneLighting":true,"audioPlay":false,"sceneViewState":{"showFog":false,"showMaterialUpdate":false,"showSkybox":false,"showFlares":false,"showImageEffects":false,"showParticleSystems":false},"in2DMode":false,"pivot":{"x":0.7849774956703186,"y":1.8990247249603272,"z":-2.6969962120056154},"rotation":{"x":-0.1483253538608551,"y":0.6937607526779175,"z":-0.1493857353925705,"w":-0.6887678503990173},"size":0.7974736094474793,"orthographic":false}