{"cameraMode":{"drawMode":0,"name":"Shaded","section":"Shading Mode"},"sceneLighting":true,"audioPlay":false,"sceneViewState":{"showFog":false,"showMaterialUpdate":false,"showSkybox":false,"showFlares":false,"showImageEffects":false,"showParticleSystems":false},"in2DMode":false,"pivot":{"x":0.4900655150413513,"y":0.9467450380325317,"z":-0.20330004394054414},"rotation":{"x":0.050662096589803699,"y":0.01776549033820629,"z":0.0015767745207995177,"w":-0.998676061630249},"size":8.915435791015625,"orthographic":false}