{"cameraMode":{"drawMode":0,"name":"Shaded","section":"Shading Mode"},"sceneLighting":true,"audioPlay":false,"sceneViewState":{"showFog":false,"showMaterialUpdate":false,"showSkybox":false,"showFlares":false,"showImageEffects":false,"showParticleSystems":false},"in2DMode":false,"pivot":{"x":1.6462050676345826,"y":1.5113825798034669,"z":-3.277848958969116},"rotation":{"x":-0.1634521484375,"y":0.6574571132659912,"z":-0.1492874026298523,"w":-0.7203234434127808},"size":10.9841947555542,"orthographic":true}