{"cameraMode":{"drawMode":0,"name":"Shaded","section":"Shading Mode"},"sceneLighting":true,"audioPlay":false,"sceneViewState":{"showFog":false,"showMaterialUpdate":false,"showSkybox":false,"showFlares":false,"showImageEffects":false,"showParticleSystems":false},"in2DMode":false,"pivot":{"x":2.037829875946045,"y":1.6572539806365967,"z":0.15792512893676759},"rotation":{"x":0.1763666421175003,"y":0.40033861994743349,"z":-0.0788220539689064,"w":0.8957995176315308},"size":10.251008987426758,"orthographic":true}