{"cameraMode":{"drawMode":0,"name":"Shaded","section":"Shading Mode"},"sceneLighting":true,"audioPlay":false,"sceneViewState":{"showFog":false,"showMaterialUpdate":false,"showSkybox":false,"showFlares":false,"showImageEffects":false,"showParticleSystems":false},"in2DMode":false,"pivot":{"x":0.10376641154289246,"y":1.2003793716430665,"z":2.780914306640625},"rotation":{"x":-0.004804592579603195,"y":0.002821831265464425,"z":0.0006752186454832554,"w":-1.0001055002212525},"size":18.609024047851564,"orthographic":false}