{"cameraMode":{"drawMode":0,"name":"Shaded","section":"Shading Mode"},"sceneLighting":true,"audioPlay":false,"sceneViewState":{"showFog":false,"showMaterialUpdate":false,"showSkybox":false,"showFlares":false,"showImageEffects":false,"showParticleSystems":false},"in2DMode":false,"pivot":{"x":1.246485948562622,"y":1.2223320007324219,"z":-7.379368305206299},"rotation":{"x":-0.13281863927841187,"y":-0.003719555214047432,"z":0.0009720572270452976,"w":-0.9912388324737549},"size":3.0081992149353029,"orthographic":false}