{"cameraMode":{"drawMode":0,"name":"Shaded","section":"Shading Mode"},"sceneLighting":true,"audioPlay":false,"sceneViewState":{"showFog":false,"showMaterialUpdate":false,"showSkybox":false,"showFlares":false,"showImageEffects":false,"showParticleSystems":false},"in2DMode":false,"pivot":{"x":0.842660129070282,"y":0.06317797303199768,"z":0.3100782334804535},"rotation":{"x":-0.10575833916664124,"y":0.8101948499679565,"z":-0.15351562201976777,"w":-0.5558708310127258},"size":2.6833016872406008,"orthographic":false}