{"cameraMode":{"drawMode":0,"name":"Shaded","section":"Shading Mode"},"sceneLighting":true,"audioPlay":false,"sceneViewState":{"showFog":false,"showMaterialUpdate":false,"showSkybox":false,"showFlares":false,"showImageEffects":false,"showParticleSystems":false},"in2DMode":false,"pivot":{"x":-0.5722417235374451,"y":1.2815048694610596,"z":-2.5761165618896486},"rotation":{"x":0.1576274335384369,"y":-0.03702306002378464,"z":0.0059069255366921429,"w":0.986794114112854},"size":6.114413738250732,"orthographic":true}