{"cameraMode":{"drawMode":0,"name":"Shaded","section":"Shading Mode"},"sceneLighting":true,"audioPlay":false,"sceneViewState":{"showFog":false,"showMaterialUpdate":false,"showSkybox":false,"showFlares":false,"showImageEffects":false,"showParticleSystems":false},"in2DMode":false,"pivot":{"x":0.3381476104259491,"y":0.7915142774581909,"z":0.47716161608695986},"rotation":{"x":0.10696739703416825,"y":0.7931370735168457,"z":-0.1472589671611786,"w":0.5814383625984192},"size":2.9665722846984865,"orthographic":false}