{"cameraMode":{"drawMode":0,"name":"Shaded","section":"Shading Mode"},"sceneLighting":true,"audioPlay":false,"sceneViewState":{"showFog":false,"showMaterialUpdate":false,"showSkybox":false,"showFlares":false,"showImageEffects":false,"showParticleSystems":false},"in2DMode":false,"pivot":{"x":1.6462050676345826,"y":1.5113825798034669,"z":-3.277848958969116},"rotation":{"x":-0.1807163804769516,"y":0.6081708073616028,"z":-0.1448366641998291,"w":-0.7593490481376648},"size":9.287726402282715,"orthographic":true}