{"cameraMode":{"drawMode":0,"name":"Shaded","section":"Shading Mode"},"sceneLighting":true,"audioPlay":false,"sceneViewState":{"showFog":false,"showMaterialUpdate":false,"showSkybox":false,"showFlares":false,"showImageEffects":false,"showParticleSystems":false},"in2DMode":false,"pivot":{"x":2.4196696281433107,"y":0.763727068901062,"z":-2.2265267372131349},"rotation":{"x":-0.15434004366397859,"y":0.7369311451911926,"z":-0.1796325147151947,"w":-0.6331405639648438},"size":4.5925750732421879,"orthographic":false}