{"cameraMode":{"drawMode":0,"name":"Shaded","section":"Shading Mode"},"sceneLighting":true,"audioPlay":false,"sceneViewState":{"showFog":false,"showMaterialUpdate":false,"showSkybox":false,"showFlares":false,"showImageEffects":false,"showParticleSystems":false},"in2DMode":false,"pivot":{"x":-0.6829850077629089,"y":3.8222930431365969,"z":-5.926995754241943},"rotation":{"x":-0.33269184827804568,"y":0.028318755328655244,"z":-0.00991029292345047,"w":-0.9425982236862183},"size":4.140750408172607,"orthographic":false}