{"cameraMode":{"drawMode":0,"name":"Shaded","section":"Shading Mode"},"sceneLighting":true,"audioPlay":false,"sceneViewState":{"showFog":false,"showMaterialUpdate":false,"showSkybox":false,"showFlares":false,"showImageEffects":false,"showParticleSystems":false},"in2DMode":false,"pivot":{"x":1.3223189115524293,"y":-0.059883974492549899,"z":-0.16779863834381104},"rotation":{"x":-0.36154574155807497,"y":-0.29737937450408938,"z":0.122907355427742,"w":-0.8750796318054199},"size":3.7578837871551515,"orthographic":false}