{"cameraMode":{"drawMode":0,"name":"Shaded","section":"Shading Mode"},"sceneLighting":true,"audioPlay":false,"sceneViewState":{"showFog":false,"showMaterialUpdate":false,"showSkybox":false,"showFlares":false,"showImageEffects":false,"showParticleSystems":false},"in2DMode":false,"pivot":{"x":-2.4165875911712648,"y":4.441153049468994,"z":-7.554267883300781},"rotation":{"x":-0.020822031423449518,"y":0.21495041251182557,"z":-0.004485541023313999,"w":-0.9764614701271057},"size":2.573232889175415,"orthographic":false}