{"cameraMode":{"drawMode":0,"name":"Shaded","section":"Shading Mode"},"sceneLighting":true,"audioPlay":false,"sceneViewState":{"showFog":false,"showMaterialUpdate":false,"showSkybox":false,"showFlares":false,"showImageEffects":false,"showParticleSystems":false},"in2DMode":false,"pivot":{"x":2.037829875946045,"y":1.6572539806365967,"z":0.15792512893676759},"rotation":{"x":0.029464377090334894,"y":0.6736029982566834,"z":-0.026885109022259713,"w":0.7380470037460327},"size":8.64853286743164,"orthographic":true}