{"cameraMode":{"drawMode":0,"name":"Shaded","section":"Shading Mode"},"sceneLighting":true,"audioPlay":false,"sceneViewState":{"showFog":false,"showMaterialUpdate":false,"showSkybox":false,"showFlares":false,"showImageEffects":false,"showParticleSystems":false},"in2DMode":false,"pivot":{"x":1.3223189115524293,"y":-0.059883974492549899,"z":-0.16779863834381104},"rotation":{"x":-0.32637402415275576,"y":-0.18494045734405518,"z":0.06527987867593765,"w":-0.9246770143508911},"size":3.157883644104004,"orthographic":false}