{"cameraMode":{"drawMode":0,"name":"Shaded","section":"Shading Mode"},"sceneLighting":true,"audioPlay":false,"sceneViewState":{"showFog":false,"showMaterialUpdate":false,"showSkybox":false,"showFlares":false,"showImageEffects":false,"showParticleSystems":false},"in2DMode":false,"pivot":{"x":-0.6751768589019775,"y":-0.870216965675354,"z":-0.0599648579955101},"rotation":{"x":0.06735558062791825,"y":0.9307266473770142,"z":-0.22126422822475434,"w":0.28331807255744936},"size":4.364508152008057,"orthographic":true}