{"cameraMode":{"drawMode":0,"name":"Shaded","section":"Shading Mode"},"sceneLighting":true,"audioPlay":false,"sceneViewState":{"showFog":false,"showMaterialUpdate":false,"showSkybox":false,"showFlares":false,"showImageEffects":false,"showParticleSystems":false},"in2DMode":false,"pivot":{"x":-0.34961843490600588,"y":-0.737451434135437,"z":0.05271129310131073},"rotation":{"x":0.1473359316587448,"y":-0.09036681801080704,"z":0.01351888943463564,"w":0.9848572611808777},"size":13.0295991897583,"orthographic":false}