{"cameraMode":{"drawMode":0,"name":"Shaded","section":"Shading Mode"},"sceneLighting":true,"audioPlay":false,"sceneViewState":{"showFog":false,"showMaterialUpdate":false,"showSkybox":false,"showFlares":false,"showImageEffects":false,"showParticleSystems":false},"in2DMode":false,"pivot":{"x":2.9607510566711427,"y":-0.023646939545869829,"z":0.23499152064323426},"rotation":{"x":-0.024551106616854669,"y":-0.042776815593242648,"z":0.0016956883482635022,"w":-0.998889148235321},"size":2.0730578899383547,"orthographic":false}