{"cameraMode":{"drawMode":0,"name":"Shaded","section":"Shading Mode"},"sceneLighting":true,"audioPlay":false,"sceneViewState":{"showFog":false,"showMaterialUpdate":false,"showSkybox":false,"showFlares":false,"showImageEffects":false,"showParticleSystems":false},"in2DMode":false,"pivot":{"x":-0.4738486111164093,"y":3.885188579559326,"z":-5.899133205413818},"rotation":{"x":-0.2571795880794525,"y":-0.006351222284138203,"z":0.00177403399720788,"w":-0.9663764238357544},"size":1.4407508373260499,"orthographic":false}