{"cameraMode":{"drawMode":0,"name":"Shaded","section":"Shading Mode"},"sceneLighting":true,"audioPlay":false,"sceneViewState":{"showFog":false,"showMaterialUpdate":false,"showSkybox":false,"showFlares":false,"showImageEffects":false,"showParticleSystems":false},"in2DMode":false,"pivot":{"x":1.7034354209899903,"y":1.434323787689209,"z":-3.2083911895751955},"rotation":{"x":-0.22291724383831025,"y":0.33131346106529238,"z":-0.08087894320487976,"w":-0.9132983684539795},"size":7.4060492515563969,"orthographic":true}