{"cameraMode":{"drawMode":0,"name":"Shaded","section":"Shading Mode"},"sceneLighting":true,"audioPlay":false,"sceneViewState":{"showFog":false,"showMaterialUpdate":false,"showSkybox":false,"showFlares":false,"showImageEffects":false,"showParticleSystems":false},"in2DMode":false,"pivot":{"x":1.3223189115524293,"y":-0.059883974492549899,"z":-0.16779863834381104},"rotation":{"x":-0.08435042202472687,"y":0.4525511860847473,"z":-0.042981456965208057,"w":-0.8867201805114746},"size":2.5578839778900148,"orthographic":false}