{"cameraMode":{"drawMode":0,"name":"Shaded","section":"Shading Mode"},"sceneLighting":true,"audioPlay":false,"sceneViewState":{"showFog":false,"showMaterialUpdate":false,"showSkybox":false,"showFlares":false,"showImageEffects":false,"showParticleSystems":false},"in2DMode":false,"pivot":{"x":1.3957442045211793,"y":-0.8936213850975037,"z":-1.3703641891479493},"rotation":{"x":0.005267015658318996,"y":0.9840496182441711,"z":-0.17541015148162843,"w":0.029524611309170724},"size":5.702167987823486,"orthographic":true}