{"cameraMode":{"drawMode":0,"name":"Shaded","section":"Shading Mode"},"sceneLighting":true,"audioPlay":false,"sceneViewState":{"showFog":false,"showMaterialUpdate":false,"showSkybox":false,"showFlares":false,"showImageEffects":false,"showParticleSystems":false},"in2DMode":false,"pivot":{"x":1.584115982055664,"y":1.2419402599334717,"z":-2.670226812362671},"rotation":{"x":-0.08302288502454758,"y":0.2715010643005371,"z":-0.023554733023047448,"w":-0.9586142897605896},"size":6.85181999206543,"orthographic":true}