{"cameraMode":{"drawMode":0,"name":"Shaded","section":"Shading Mode"},"sceneLighting":true,"audioPlay":false,"sceneViewState":{"showFog":false,"showMaterialUpdate":false,"showSkybox":false,"showFlares":false,"showImageEffects":false,"showParticleSystems":false},"in2DMode":false,"pivot":{"x":5.0785603523254398,"y":0.2592095136642456,"z":-0.993754506111145},"rotation":{"x":-0.21502353250980378,"y":0.24141114950180055,"z":-0.05500481277704239,"w":-0.9447460174560547},"size":6.591019153594971,"orthographic":true}