{"cameraMode":{"drawMode":0,"name":"Shaded","section":"Shading Mode"},"sceneLighting":true,"audioPlay":false,"sceneViewState":{"showFog":false,"showMaterialUpdate":false,"showSkybox":false,"showFlares":false,"showImageEffects":false,"showParticleSystems":false},"in2DMode":false,"pivot":{"x":2.359999895095825,"y":0.0,"z":-3.630000114440918},"rotation":{"x":-0.039781346917152408,"y":0.2754429280757904,"z":-0.011425860226154328,"w":-0.9604443311691284},"size":3.4080793857574465,"orthographic":true}