{"cameraMode":{"drawMode":0,"name":"Shaded","section":"Shading Mode"},"sceneLighting":true,"audioPlay":false,"sceneViewState":{"showFog":false,"showMaterialUpdate":false,"showSkybox":false,"showFlares":false,"showImageEffects":false,"showParticleSystems":false},"in2DMode":false,"pivot":{"x":0.842660129070282,"y":0.06317797303199768,"z":0.3100782334804535},"rotation":{"x":-0.14831297099590302,"y":0.8134446740150452,"z":-0.2354866862297058,"w":-0.5108981132507324},"size":2.6833016872406008,"orthographic":false}