{"cameraMode":{"drawMode":0,"name":"Shaded","section":"Shading Mode"},"sceneLighting":true,"audioPlay":false,"sceneViewState":{"showFog":false,"showMaterialUpdate":false,"showSkybox":false,"showFlares":false,"showImageEffects":false,"showParticleSystems":false},"in2DMode":false,"pivot":{"x":-2.4699721336364748,"y":4.425022602081299,"z":-7.303571701049805},"rotation":{"x":-0.16950394213199616,"y":0.031373023986816409,"z":-0.005268249195069075,"w":-0.9850730895996094},"size":8.13394832611084,"orthographic":false}