{"cameraMode":{"drawMode":0,"name":"Shaded","section":"Shading Mode"},"sceneLighting":true,"audioPlay":false,"sceneViewState":{"showFog":false,"showMaterialUpdate":false,"showSkybox":false,"showFlares":false,"showImageEffects":false,"showParticleSystems":false},"in2DMode":false,"pivot":{"x":-0.03543446213006973,"y":0.6488351821899414,"z":0.49668699502944949},"rotation":{"x":-0.008052436634898186,"y":0.9940618276596069,"z":-0.07092010974884033,"w":-0.08405809104442597},"size":7.1043901443481449,"orthographic":false}