{"cameraMode":{"drawMode":0,"name":"Shaded","section":"Shading Mode"},"sceneLighting":true,"audioPlay":false,"sceneViewState":{"showFog":false,"showMaterialUpdate":false,"showSkybox":false,"showFlares":false,"showImageEffects":false,"showParticleSystems":false},"in2DMode":false,"pivot":{"x":-0.6751768589019775,"y":-0.870216965675354,"z":-0.0599648579955101},"rotation":{"x":0.05262302979826927,"y":0.9467192888259888,"z":-0.20564882457256318,"w":0.24223433434963227},"size":6.486075401306152,"orthographic":true}