{"cameraMode":{"drawMode":0,"name":"Shaded","section":"Shading Mode"},"sceneLighting":true,"audioPlay":false,"sceneViewState":{"showFog":false,"showMaterialUpdate":false,"showSkybox":false,"showFlares":false,"showImageEffects":false,"showParticleSystems":false},"in2DMode":false,"pivot":{"x":-0.38168907165527346,"y":-0.7593749761581421,"z":0.05613403394818306},"rotation":{"x":0.7017768025398254,"y":0.0032057634089142086,"z":-0.003158047329634428,"w":0.7123830318450928},"size":14.636539459228516,"orthographic":true}