{"cameraMode":{"drawMode":0,"name":"Shaded","section":"Shading Mode"},"sceneLighting":true,"audioPlay":false,"sceneViewState":{"showFog":false,"showMaterialUpdate":false,"showSkybox":false,"showFlares":false,"showImageEffects":false,"showParticleSystems":false},"in2DMode":false,"pivot":{"x":0.5995171070098877,"y":0.13876664638519288,"z":-2.142803907394409},"rotation":{"x":-0.04549229145050049,"y":-0.6936806440353394,"z":0.044826485216617587,"w":-0.7175854444503784},"size":3.5631909370422365,"orthographic":false}