{"cameraMode":{"drawMode":0,"name":"Shaded","section":"Shading Mode"},"sceneLighting":true,"audioPlay":false,"sceneViewState":{"showFog":false,"showMaterialUpdate":false,"showSkybox":false,"showFlares":false,"showImageEffects":false,"showParticleSystems":false},"in2DMode":false,"pivot":{"x":-2.9159162044525148,"y":4.21400785446167,"z":-7.542861461639404},"rotation":{"x":-0.09424376487731934,"y":-0.14401870965957642,"z":0.01388234831392765,"w":-0.9850391745567322},"size":3.1267669200897219,"orthographic":false}